{
    "accuracy": 0.613443072702332,
    "precision_macro": 0.5298596028707259,
    "recall_macro": 0.5182136197119694,
    "f1_macro": 0.464645385044195,
    "roc_auc_macro": 0.7513020216329968,
    "pr_auc_macro": 0.590648490014316,
    "log_loss": 0.8638311599812212,
    "brier_score": 0.5049127659562367,
    "training_time_sec": 0.0,
    "prediction_time_sec": 0.06378,
    "ece": 0.03584644752759348,
    "mce": 0.26995575219352114,
    "model_name": "Hard Voting"
}