{
    "accuracy": 0.605761316872428,
    "precision_macro": 0.526817620954689,
    "recall_macro": 0.5172080467161085,
    "f1_macro": 0.48481230335961367,
    "roc_auc_macro": 0.7350172598102255,
    "pr_auc_macro": 0.5705859926054279,
    "log_loss": 0.8718678330285522,
    "brier_score": 0.5132005974698979,
    "training_time_sec": 14.779107809066772,
    "prediction_time_sec": 0.0772240161895752,
    "model_name": "Extra Trees",
    "ece": 0.02253208352385308,
    "mce": 0.2713541666666667
}