{
    "ece": 0.01619927352232126,
    "mce": 0.06714989476364885,
    "brier_score": 0.4969543508447207,
    "log_loss": 0.8422342080900719,
    "ensemble": "Weighted Soft Voting",
    "n_bins": 10
}