,XGBoost,Gradient Boosting,Random Forest,Extra Trees,Logistic Regression,ANN,LSTM
XGBoost,0.0,0.04417009602194787,0.05486968449931413,0.11193415637860082,0.16323731138545952,0.12729766803840878,0.3871056241426612
Gradient Boosting,0.04417009602194787,0.0,0.07215363511659809,0.12126200274348423,0.17256515775034292,0.1382716049382716,0.39890260631001373
Random Forest,0.05486968449931413,0.07215363511659809,0.0,0.10699588477366255,0.15555555555555556,0.12757201646090535,0.3832647462277092
Extra Trees,0.11193415637860082,0.12126200274348423,0.10699588477366255,0.0,0.15967078189300413,0.11906721536351166,0.37530864197530867
Logistic Regression,0.16323731138545952,0.17256515775034292,0.15555555555555556,0.15967078189300413,0.0,0.16131687242798354,0.3355281207133059
ANN,0.12729766803840878,0.1382716049382716,0.12757201646090535,0.11906721536351166,0.16131687242798354,0.0,0.3983539094650206
LSTM,0.3871056241426612,0.39890260631001373,0.3832647462277092,0.37530864197530867,0.3355281207133059,0.3983539094650206,0.0
