{
    "Hard Voting": {
        "accuracy": 0.613443072702332,
        "precision_macro": 0.5298596028707259,
        "recall_macro": 0.5182136197119694,
        "f1_macro": 0.464645385044195,
        "roc_auc_macro": 0.7513020216329968,
        "pr_auc_macro": 0.590648490014316,
        "log_loss": 0.8638311599812212,
        "brier_score": 0.5049127659562367,
        "training_time_sec": 0.0,
        "prediction_time_sec": 0.06378,
        "ece": 0.03584644752759348,
        "mce": 0.26995575219352114,
        "model_name": "Hard Voting"
    },
    "Soft Voting": {
        "accuracy": 0.6145404663923183,
        "precision_macro": 0.5339052394638526,
        "recall_macro": 0.5179493763502783,
        "f1_macro": 0.4649338592041186,
        "roc_auc_macro": 0.7513020216329968,
        "pr_auc_macro": 0.590648490014316,
        "log_loss": 0.8638311599812212,
        "brier_score": 0.5049127659562367,
        "training_time_sec": 0.0,
        "prediction_time_sec": 0.00021,
        "ece": 0.03584644752759348,
        "mce": 0.26995575219352114,
        "model_name": "Soft Voting"
    },
    "Weighted Soft Voting": {
        "accuracy": 0.6150891632373113,
        "precision_macro": 0.5241820141608386,
        "recall_macro": 0.5267171795199554,
        "f1_macro": 0.47944119900249316,
        "roc_auc_macro": 0.7546737904892006,
        "pr_auc_macro": 0.5932180024200532,
        "log_loss": 0.8422342080900719,
        "brier_score": 0.4969543508447207,
        "training_time_sec": 0.11901402473449707,
        "prediction_time_sec": 0.00027,
        "ece": 0.01619927352232126,
        "mce": 0.06714989476364885,
        "model_name": "Weighted Soft Voting"
    },
    "Stacking": {
        "accuracy": 0.6183813443072702,
        "precision_macro": 0.5231264979664588,
        "recall_macro": 0.5300148737314055,
        "f1_macro": 0.4811577568661562,
        "roc_auc_macro": 0.7519251659199929,
        "pr_auc_macro": 0.5919939416293377,
        "log_loss": 0.8524463926080084,
        "brier_score": 0.5009445248509905,
        "training_time_sec": 0.07465219497680664,
        "prediction_time_sec": 0.0013,
        "ece": 0.02983632700225644,
        "mce": 0.10925410435213678,
        "model_name": "Stacking"
    },
    "Blending": {
        "accuracy": 0.6170096021947874,
        "precision_macro": 0.5242804083650058,
        "recall_macro": 0.5272310205420946,
        "f1_macro": 0.4786802898941664,
        "roc_auc_macro": 0.7541988341970692,
        "pr_auc_macro": 0.5915569166340869,
        "log_loss": 0.8711269509972096,
        "brier_score": 0.5077603411492545,
        "training_time_sec": 0.00604701042175293,
        "prediction_time_sec": 0.00074,
        "ece": 0.04507595391703023,
        "mce": 0.18633351000872522,
        "model_name": "Blending"
    }
}