,XGBoost,Gradient Boosting,Random Forest,Extra Trees,Logistic Regression,ANN,LSTM
XGBoost,1.0,0.9558299039780521,0.9451303155006858,0.8880658436213992,0.8367626886145405,0.8727023319615912,0.6128943758573389
Gradient Boosting,0.9558299039780521,1.0,0.9278463648834019,0.8787379972565158,0.827434842249657,0.8617283950617284,0.6010973936899863
Random Forest,0.9451303155006858,0.9278463648834019,1.0,0.8930041152263375,0.8444444444444444,0.8724279835390947,0.6167352537722908
Extra Trees,0.8880658436213992,0.8787379972565158,0.8930041152263375,1.0,0.8403292181069959,0.8809327846364884,0.6246913580246913
Logistic Regression,0.8367626886145405,0.827434842249657,0.8444444444444444,0.8403292181069959,1.0,0.8386831275720165,0.6644718792866942
ANN,0.8727023319615912,0.8617283950617284,0.8724279835390947,0.8809327846364884,0.8386831275720165,1.0,0.6016460905349794
LSTM,0.6128943758573389,0.6010973936899863,0.6167352537722908,0.6246913580246913,0.6644718792866942,0.6016460905349794,1.0
