,XGBoost,Gradient Boosting,Random Forest,Extra Trees,Logistic Regression,ANN,LSTM
XGBoost,1.0,0.9976941576810476,0.9960887617574302,0.9819597511113811,0.9694333467763564,0.9774950055451008,0.7678091443585615
Gradient Boosting,0.9976941576810476,1.0,0.9931858788212168,0.9797106479053723,0.9657267173492814,0.9725590075233859,0.747290270631747
Random Forest,0.9960887617574302,0.9931858788212168,1.0,0.983865869858399,0.9722386525727577,0.9776065144685182,0.7724282654784189
Extra Trees,0.9819597511113811,0.9797106479053723,0.983865869858399,1.0,0.9705308865679977,0.9804841216664343,0.7867049541881911
Logistic Regression,0.9694333467763564,0.9657267173492814,0.9722386525727577,0.9705308865679977,1.0,0.9679629004342293,0.8442966437276537
ANN,0.9774950055451008,0.9725590075233859,0.9776065144685182,0.9804841216664343,0.9679629004342293,1.0,0.739794379978796
LSTM,0.7678091443585615,0.747290270631747,0.7724282654784189,0.7867049541881911,0.8442966437276537,0.739794379978796,1.0
