{
    "accuracy": 0.6186556927297668,
    "precision_macro": 0.5381882201254121,
    "recall_macro": 0.5283811798175017,
    "f1_macro": 0.47503361554674384,
    "roc_auc_macro": 0.7549382405474617,
    "pr_auc_macro": 0.5941598984876859,
    "log_loss": 0.840765118598938,
    "brier_score": 0.49614992670118085,
    "training_time_sec": 27.756319999694824,
    "prediction_time_sec": 0.052438974380493164,
    "model_name": "XGBoost",
    "ece": 0.012875896495706038,
    "mce": 0.26911615133285527
}