{
    "accuracy": 0.6139917695473252,
    "precision_macro": 0.5159476000235894,
    "recall_macro": 0.5230140062971746,
    "f1_macro": 0.46898081258267316,
    "roc_auc_macro": 0.7509289677451857,
    "pr_auc_macro": 0.5866506165111441,
    "log_loss": 0.8520368432959073,
    "brier_score": 0.5006889608429619,
    "training_time_sec": 30.524160623550415,
    "prediction_time_sec": 0.0515599250793457,
    "model_name": "Random Forest",
    "ece": 0.02194136099269566,
    "mce": 0.18406170209507594
}